<?xml version="1.0" encoding="UTF-8"?>
<project-private xmlns="http://www.netbeans.org/ns/project-private/1">
    <editor-bookmarks xmlns="http://www.netbeans.org/ns/editor-bookmarks/2" lastBookmarkId="0"/>
    <open-files xmlns="http://www.netbeans.org/ns/projectui-open-files/2">
        <group>
            <file>file:/D:/Modul%20151%20He%2017/20_Abschlussarbeit/PC3/WinningNumbers_JSON/src/winningnumbers_json/ContentEuroMillions.java</file>
            <file>file:/D:/Modul%20151%20He%2017/20_Abschlussarbeit/PC3/WinningNumbers_JSON/winningNumbers.json</file>
            <file>file:/D:/Modul%20151%20He%2017/20_Abschlussarbeit/PC3/WinningNumbers_JSON/src/winningnumbers_json/ContentSwissLotto.java</file>
        </group>
    </open-files>
</project-private>
