<?xml version="1.0" encoding="UTF-8"?>
<lotterien xmlns:xsi="http://www.w3.org/2001/XMLSchema-instance" xsi:noNamespaceSchemaLocation="lotterien.xsd">
	<lotterie>
		<name>EuroJackpot</name>
		<ziehungstag>Freitag</ziehungstag>
		<ziehungsland>Finnland</ziehungsland>
                <Stadt>Helsinki</Stadt>
	</lotterie>
	<lotterie>
		<name>EuroMillion</name>
		<ziehungstag>Dienstag und Freitag</ziehungstag>
		<ziehungsland>Frankreich</ziehungsland>
                <Stadt>Paris</Stadt>
	</lotterie>
	<lotterie>
		<name>Swiss lotto</name>
		<ziehungstag>Mittwoch und Samstag</ziehungstag>
		<ziehungsland>Schweiz</ziehungsland>
                <Stadt>Basel</Stadt>
	</lotterie>
</lotterien>