<?xml version="1.0" encoding="UTF-8"?>
<project-private xmlns="http://www.netbeans.org/ns/project-private/1">
    <editor-bookmarks xmlns="http://www.netbeans.org/ns/editor-bookmarks/2" lastBookmarkId="0"/>
    <open-files xmlns="http://www.netbeans.org/ns/projectui-open-files/2">
        <group>
            <file>file:/F:/BBW/M151/Projekt/XMLLotto/src/transfer/StaticClass.java</file>
            <file>file:/F:/BBW/M151/Projekt/XMLLotto/src/transfer/Static.java</file>
            <file>file:/F:/BBW/M151/Projekt/XMLLotto/lotto.xml</file>
            <file>file:/F:/BBW/M151/Projekt/XMLLotto/src/xmllotto/XMLLotto.java</file>
            <file>file:/F:/BBW/M151/Projekt/XMLLotto/build.xml</file>
        </group>
    </open-files>
</project-private>
